Flickr,photos__photo__title,Country
https://farm9.staticflickr.com/8334/8144877200_ee57d116e1.jpg,#bali #purabesakih,ID
https://farm7.staticflickr.com/6229/6339255943_a486c17d2a.jpg,"Saturday, 25th March 2017, am.  Taking a dunk @ sunrise at #PantaiPurnama, #Denpasar, #Bali.  Day3 #Melasti #Indonesia #nakBaline   #TedAdnanBilang... biasa-biasa ajer mandi sekali-sekala dengan kamera #Nikon ni lah ___",ID
https://farm5.staticflickr.com/4120/4886149808_6b34e33e10.jpg,Hotel and spa bali. #hotel #photoshoot #iphone5S,ID
https://farm8.staticflickr.com/7005/6533151593_e439c015d4.jpg,Hotel and spa bali. #hotel #photoshoot #iphone5S,ID
https://farm8.staticflickr.com/7034/6533329037_4899eb3f70.jpg,Hotel and spa bali. #hotel #photoshoot #iphone5S,ID
https://farm8.staticflickr.com/7157/6659074723_a15e408798.jpg,Hotel and spa bali. #hotel #photoshoot #iphone5S,ID
https://farm3.staticflickr.com/2448/3893231420_16330d8cd1.jpg,Hotel and spa bali. #hotel #photoshoot #iphone5S,ID
https://farm7.staticflickr.com/6065/6059739606_0f9b97676d.jpg,Well even the nudibranch can have a long neck..  .. .. .. .•• •• •• #scuba #scubadiving #diving #padi #bali #balidiving #divingbali #nudie #artistic #n #travel #bucketlist #amazing #octopus #beauty #nature #artistic #sea #discoverocean #ocenlovers #nature,ID
https://farm8.staticflickr.com/7337/8725632350_ec0c6ccca1.jpg,#bali #photography #photooftheday #model #portrait #mood #naturallight #androsphotos #androspicture #bleachmyfilm #fashion #fashionphotographer #dailyfashion #vsco #balibabes #thebalibible  #thebalibride #baliphotographer #makeportraits #arsenicmag #majes,ID
https://farm2.staticflickr.com/1333/5136905969_e872cbe995.jpg,"when you feel so tired,, but you can't sleep.. ______ . . . . . #canyouseeme #morning #people #yawn #yawning #focus #missfocus #coke #smoking #coconut #beachlife #party #sleepy #latepost #jimbaran #bali #indonesia #fuji #fujifilm #",ID
https://farm8.staticflickr.com/7072/7258807964_7887c50528.jpg,#bali #photography #photooftheday #model #portrait #mood #naturallight #androsphotos #androspicture #bleachmyfilm #fashion #fashionphotographer #dailyfashion #vsco #balibabes #thebalibible  #thebalibride #baliphotographer #makeportraits #arsenicmag #majes,ID
https://farm8.staticflickr.com/7145/6533696263_79817c2949.jpg,#bali #photography #photooftheday #model #portrait #mood #naturallight #androsphotos #androspicture #bleachmyfilm #fashion #fashionphotographer #dailyfashion #vsco #balibabes #thebalibible  #thebalibride #baliphotographer #makeportraits #arsenicmag #majes,ID
https://farm8.staticflickr.com/7168/6533270097_828f2966a3.jpg,Melasti Paseh Batu Bolong #melasti #bali #sibangkaja,ID
https://farm3.staticflickr.com/2315/2256463131_885dfa23b4.jpg,Bali best Sunrise  www.kadekbalitrekking.com  #BaliTrekkingGuide  #BaliVolcanoTrekking # #BaliSunriseTrekking,ID
https://farm8.staticflickr.com/7013/6533657389_9888f50156.jpg,_MG_0335,ID
https://farm6.staticflickr.com/5212/5482195657_86ebf9ea7b.jpg,_MG_0343,ID
https://farm9.staticflickr.com/8425/7517183672_51685fbdfb.jpg,See the real and the most exotic side of Bali - www.balijeepadventure.com,ID
https://farm7.staticflickr.com/6124/5947562472_06ff3ecd11.jpg,Busy days at Bali before Nyepi day Today is Melasti ceremony..   __ __ __  #errybaliphoto #errybaliphotography #errybali #bali #ceremony #lovebali #photoshoot #echobeach #batubolongbeach,ID
https://farm4.staticflickr.com/3177/2610454402_173f8edf3e.jpg,bali_Sacred_monkey_DeCelle,ID
https://farm6.staticflickr.com/5091/5482687394_55360b8a91.jpg,Montessori Bali_1,ID
https://farm9.staticflickr.com/8160/7195433592_8c508c7123.jpg,Montessori Bali_2,ID
https://farm1.staticflickr.com/304/18302309333_bc3f9c23ec.jpg,Risbecia | Bali-Komodo | 2008.09.15,ID
https://farm5.staticflickr.com/4009/4360449752_9868e8ca62.jpg,Two is better than one..   #latepost #photography #saturday #couple,ID
https://farm2.staticflickr.com/1588/24321944670_ba008d0a4f.jpg,Melasti Sunrise __ #bali #tradition #melasti #nyepi #nusantara #thejourneybegins,ID
https://farm5.staticflickr.com/4030/4614802982_16f64818f9.jpg,My first Melasti __ #bali #tradition #melasti #nyepi #nusantara #thejourneybegins,ID
https://farm4.staticflickr.com/3570/3643590830_c0eed77c2b.jpg,Jasa Web Design Bali Murah,ID
https://farm9.staticflickr.com/8183/8359618319_243b0d6df7.jpg,Little Monkey,ID
https://farm8.staticflickr.com/7009/6533731217_89bb861763.jpg,Top 7 Bali Scuba Diving Spots,ID
https://farm5.staticflickr.com/4041/4313704839_3007127e9a.jpg,nxstmp,ID
https://farm2.staticflickr.com/1121/1187358042_bcf5819d5a.jpg,,ID
https://farm6.staticflickr.com/5098/5577045730_bd162b8e5a.jpg,,ID
https://farm4.staticflickr.com/3208/2949235895_211424131d.jpg,,ID
https://farm9.staticflickr.com/8184/8370705605_3eeb7fa10f.jpg,the moon is out but it is still dark,ID
https://farm3.staticflickr.com/2747/4368784432_fd2feda1ae.jpg,SAM_0196 (2),ID
https://farm3.staticflickr.com/2762/4425667334_8623547d8d.jpg,SAM_0301,ID
https://farm3.staticflickr.com/2153/2435558653_78b28b0058.jpg,IMG_5642,ID
https://farm9.staticflickr.com/8084/8370706919_0c68727867.jpg,,ID
https://farm8.staticflickr.com/7017/6532567465_21177abb7c.jpg,surfers,ID
https://farm6.staticflickr.com/5835/21073153202_a564426f3c.jpg,kecak dance,ID
https://farm5.staticflickr.com/4003/4368785984_a99cec7002.jpg,RESEP MEMBUAT SAMBAL MATAH MAKNYUS,ID
https://farm5.staticflickr.com/4064/4313704691_275e586b93.jpg,Hair coiffeur dans la médina de Fes,ID
https://farm8.staticflickr.com/7693/17057926462_7522c87d56.jpg,bali_canggu_villa_rathian_2,ID
https://farm3.staticflickr.com/2728/4368785448_674f42e6f4.jpg,bali_canggu_villa_rathian_8,ID
https://farm5.staticflickr.com/4002/4313705609_8997bba39b.jpg,bali_canggu_villa_rathian_5,ID
https://farm3.staticflickr.com/2780/4314439600_fba519484a.jpg,bali_canggu_villa_rathian_7,ID
https://farm5.staticflickr.com/4031/4318859006_9b085fb609.jpg,bali_canggu_villa_rathian_6,ID
https://farm6.staticflickr.com/5176/5512296158_2a585e98ef.jpg,bali_canggu_villa_rathian_3,ID
https://farm5.staticflickr.com/4120/4857004762_a176d81e5b.jpg,bali_canggu_villa_rathian_4,ID
https://farm4.staticflickr.com/3070/2949242963_97ae424862.jpg,bali_canggu_villa_rathian_1,ID
https://farm3.staticflickr.com/2788/4036689197_d2e35d8876.jpg,1977_55227,ID
https://farm3.staticflickr.com/2507/3893230734_a2c24a63aa.jpg,bali_canggu_villa_rathian_standard_3,ID
https://farm4.staticflickr.com/3603/3405498247_0a8e914a8b.jpg,bali_canggu_villa_rathian_standard_2,ID
https://farm8.staticflickr.com/7011/6533071971_c78bbf2e32.jpg,bali_canggu_villa_rathian_standard_1,ID
https://farm9.staticflickr.com/8049/8357259772_a3b8c6cd57.jpg,bali_canggu_villa_rathian_superior_3,ID
https://farm9.staticflickr.com/8698/16423892934_6977088e61.jpg,bali_canggu_villa_rathian_superior_1,ID
https://farm9.staticflickr.com/8789/16874386157_3b14d554d3.jpg,bali_canggu_villa_rathian_2bedroom_villa_3,ID
https://farm5.staticflickr.com/4133/4957315762_0262ae81c2.jpg,bali_canggu_villa_rathian_2bedroom_villa_2,ID
https://farm5.staticflickr.com/4049/4432439995_8cd8e38d60.jpg,bali_canggu_villa_rathian_2bedroom_villa_1,ID
https://farm7.staticflickr.com/6013/5940423922_5212687321.jpg,bali_canggu_villa_rathian_deluxe_2,ID
https://farm7.staticflickr.com/6124/5940445558_0c64c7e039.jpg,bali_canggu_villa_rathian_standard_4,ID
https://farm4.staticflickr.com/3015/2935646896_ed269f7aae.jpg,bali_canggu_villa_rathian_superior_4,ID
https://farm3.staticflickr.com/2788/4435382365_e4c019bd0b.jpg,bali_canggu_villa_rathian_superior_2,ID
https://farm1.staticflickr.com/603/22574860093_e185500a04.jpg,bali_canggu_villa_rathian_deluxe_1,ID
https://farm3.staticflickr.com/2647/4368786390_b6df293f3b.jpg,Pura Besakih,ID
https://farm5.staticflickr.com/4030/4535711176_5bb3fd087e.jpg,Which one you wanna put your money to? ____ • • • #sabungayam #bet #janganditiru #cumamainan #lupakan #nusapenida #bali,ID
https://farm3.staticflickr.com/2785/4318859254_a072305372.jpg,Woman at work,ID
https://farm5.staticflickr.com/4065/4359710253_5751528a73.jpg,Traditional salt maker,ID
https://farm5.staticflickr.com/4006/4318125679_556136a1a7.jpg,Pb_1020528,ID
https://farm5.staticflickr.com/4028/4368786640_18a5898629.jpg,Pb_1020531,ID
https://farm5.staticflickr.com/4011/4443174749_29ccc8663d.jpg,Pb_1020535,ID
https://farm3.staticflickr.com/2785/5814814861_aa17d59fa1.jpg,Top Destination Wedding in Bali for Linh & Khoa's Wedding,ID
https://farm4.staticflickr.com/3191/5730209192_a4ecc07deb.jpg,Kuta beach,ID
https://farm6.staticflickr.com/5098/5534833098_9bf4b51c36.jpg,upload,ID
https://farm6.staticflickr.com/5256/5531421471_d625efe8f6.jpg,May take a rest for a while. . #belege #gianyar #sungai #dam #bendungan #water #bali #cloud #rmx #mobilephotography #healthy #yeti #bike #shimano #crankbrothers #xtr #xt #polygonbikes #fun #sport #samsung #mobilephotography #fulcrumwheels #crankbrothers #,ID
https://farm6.staticflickr.com/5306/5552586957_6eb543b8a7.jpg,India - Rajasthan - Jodhpur - Mehrangarh Fort - Museum Daulat Khana - Palanquin Mahadol - 80b,ID
https://farm5.staticflickr.com/4026/4432439499_d271e39a03.jpg,India - Rajasthan - Jodhpur - Mehrangarh Fort - Museum Daulat Khana - Palanquin Mahadol - 76b,ID
https://farm8.staticflickr.com/7312/10101857555_581b0a4ae1.jpg,India - Rajasthan - Jodhpur - Mehrangarh Fort - Museum Daulat Khana - Palanquin Mahadol - 76c,ID
https://farm6.staticflickr.com/5258/5482529478_0c17826c7d.jpg,India - Rajasthan - Jodhpur - Mehrangarh Fort - Museum Daulat Khana - Palanquin Mahadol - 77b,ID
https://farm5.staticflickr.com/4058/4462684703_987ef089d4.jpg,Antique Bh_ta Danganan Keris Hilt Figure carved from Deer Antler imbued with Demoniac Qualities,ID
https://farm9.staticflickr.com/8189/8370706109_41f0d03212.jpg,India - Rajasthan - Jodhpur - Mehrangarh Fort - Museum Daulat Khana - Palanquin Mahadol - 79b,ID
https://farm1.staticflickr.com/248/447783391_1a946aac67.jpg,India - Rajasthan - Jodhpur - Mehrangarh Fort - Museum Daulat Khana - Palanquin Mahadol - 75b,ID
https://farm3.staticflickr.com/2776/4368037767_f6518c151e.jpg,India - Rajasthan - Jodhpur - Mehrangarh Fort - Museum Daulat Khana - Palanquin Mahadol - 80bb,ID
https://farm4.staticflickr.com/3244/4560623181_68bcf6f2d5.jpg,"Antique bh_ta danganan keris hilt figure carved from deer antler imbued with demoniac qualities. _________ _________ Based on the color and condition of the Balinese hilt, it is evident that we are dealing with a fine piece of art of considerable age here",ID
https://farm5.staticflickr.com/4013/4318125245_21afcdf8d7.jpg,WW Trans Coach Benoa Bali Indonesia 159,ID
https://farm3.staticflickr.com/2741/4424901425_c42e5aec18.jpg,New Instagram post,ID
https://farm5.staticflickr.com/4065/4318124997_4058359f32.jpg,Bali,ID
https://farm3.staticflickr.com/2735/4318860098_92a9a7452c.jpg,IMG_5689,ID
https://farm6.staticflickr.com/5096/5494508672_556ed16eec.jpg,Bali Island,ID
https://farm6.staticflickr.com/5105/5605730787_37d616f8e8.jpg,Bali Island,ID
https://farm8.staticflickr.com/7523/15783319350_f8b7889624.jpg,Bali Island,ID
https://farm8.staticflickr.com/7540/15942914666_ac4fc81da2.jpg,Very late #latergram __ Ich muss unbedingt Flüge buchen | | | | | | | | #bali #travelgram #islandofgods #baliparadise #balibeach #indonesia #sunset #beach #takemeback #kudetabali,ID
https://farm5.staticflickr.com/4026/4515074851_7b25b5bcde.jpg,Stupas,ID
https://farm3.staticflickr.com/2788/4318858254_9507f2ee71.jpg,Inner Circle,ID
https://farm3.staticflickr.com/2720/4314441558_9b599d0d34.jpg,Humans and god in Bali  #vsco #god #traveltheworld #indonesia #travelblogger #color #sony__ #sonya7 #travelgram,ID
https://farm3.staticflickr.com/2752/4425667594_a1cfd27c7b.jpg,Food  preparation to host luncheon group from French.  --------------------------- @puriganggaresort  #crispyduck  --------------------------- #lunch #menu #Balinese #chef #foodporn #food #instagood #instafood #sebatuvillagelife #Tegalalang #Ubud #Bali  -,ID
https://farm2.staticflickr.com/1381/5128799431_71b3f23bb0.jpg,bali-map,ID
https://farm6.staticflickr.com/5176/5526856765_5e0dd5acc0.jpg,bali_map,ID
https://farm3.staticflickr.com/2772/4425667224_bedf852443.jpg,Mai Bus  Benoa 25 + 64 Bali Indonesia 127,ID
https://farm3.staticflickr.com/2715/4435382713_bcc42846f9.jpg,Sunset Benoa Bali Indonesia 295,ID
https://farm5.staticflickr.com/4009/4313704943_4cd2e24a81.jpg,Ubud Tengah,ID
https://farm5.staticflickr.com/4001/5166239346_0b6f0633d9.jpg,Japan,JP
https://farm6.staticflickr.com/5208/5200972004_612d3f0d8b.jpg,Japan,JP
https://farm5.staticflickr.com/4045/4550017109_051b8de9d6.jpg,Japan,JP
https://farm6.staticflickr.com/5003/5345086845_61b94703fc.jpg,Japan,JP
https://farm5.staticflickr.com/4085/5205956480_8ccaf594d2.jpg,Japan,JP
https://farm5.staticflickr.com/4081/4771478926_517c4e5982.jpg,Japan,JP
https://farm4.staticflickr.com/3314/3229021908_39ec420a89.jpg,Japan,JP
https://farm8.staticflickr.com/7167/6646127171_f2fb6ed076.jpg,Japan,JP
https://farm3.staticflickr.com/2752/4426288835_9f97bf01fc.jpg,Japan,JP
https://farm6.staticflickr.com/5134/5481948288_f471fd80c7.jpg,Japan,JP
https://farm3.staticflickr.com/2624/4220160639_cb586fa110.jpg,Japan,JP
https://farm8.staticflickr.com/7011/6435188963_9c2f6cfb7f.jpg,Japan,JP
https://farm7.staticflickr.com/6221/6282856697_d24f92618d.jpg,Japan,JP
https://farm5.staticflickr.com/4105/4995433772_c1f82b4b09.jpg,Japan,JP
https://farm5.staticflickr.com/4029/4711383995_42431e39e1.jpg,Japan,JP
https://farm6.staticflickr.com/5011/5505700955_8a9f2b9639.jpg,Japan,JP
https://farm9.staticflickr.com/8499/8367737498_dd25b91052.jpg,Japan,JP
https://farm8.staticflickr.com/7143/6688768203_eeb73795c0.jpg,Japan,JP
https://farm3.staticflickr.com/2272/2251790131_488b62e9fe.jpg,Japan,JP
https://farm3.staticflickr.com/2766/4389098686_715e5c79ae.jpg,Japan,JP
https://farm4.staticflickr.com/3571/3289710159_d1d8e03eea.jpg,Japan,JP
https://farm5.staticflickr.com/4100/4826033213_90482967ab.jpg,Japan,JP
https://farm3.staticflickr.com/2772/4249706914_9b171abbaa.jpg,Japan,JP
https://farm5.staticflickr.com/4088/5208066087_f96e41ec2b.jpg,Japan,JP
https://farm8.staticflickr.com/7366/27015718830_76eceb2650.jpg,Japan,JP
https://farm6.staticflickr.com/5296/5404067752_210798f5d9.jpg,Japan,JP
https://farm4.staticflickr.com/3529/4012207705_33987b0511.jpg,Japan,JP
https://farm5.staticflickr.com/4053/4386784837_08d5f11109.jpg,Japan,JP
https://farm8.staticflickr.com/7195/6936821869_e43c1f361b.jpg,Japan,JP
https://farm5.staticflickr.com/4009/4546841695_d006ab6a1d.jpg,Japan,JP
https://farm6.staticflickr.com/5043/5212248548_e978a8d732.jpg,Japan,JP
https://farm2.staticflickr.com/1398/5177352137_ee7ab803bb.jpg,Japan,JP
https://farm5.staticflickr.com/4127/5180701529_5685891622.jpg,Japan,JP
https://farm9.staticflickr.com/8234/28898719400_c7cd359ffd.jpg,Japan,JP
https://farm4.staticflickr.com/3560/3477691035_446756ac66.jpg,Japan,JP
https://farm8.staticflickr.com/7477/16105794602_e28455ae38.jpg,Japan,JP
https://farm8.staticflickr.com/7531/15927296051_694a5f64c4.jpg,Japan,JP
https://farm8.staticflickr.com/7576/15608018214_13ff9325c8.jpg,Japan,JP
https://farm9.staticflickr.com/8051/8358153282_45cc46c4ea.jpg,Japan,JP
https://farm4.staticflickr.com/3422/3311509514_690275349c.jpg,Japan,JP
https://farm2.staticflickr.com/1392/5165955094_bf8ae9b9fa.jpg,Japan,JP
https://farm4.staticflickr.com/3094/2805207909_c2970b4774.jpg,Japan,JP
https://farm1.staticflickr.com/396/31677052006_ba1c47442a.jpg,Japan,JP
https://farm8.staticflickr.com/7540/27530595053_48e6262448.jpg,Japan,JP
https://farm8.staticflickr.com/7539/27438231474_4c78ce3f29.jpg,Japan,JP
https://farm1.staticflickr.com/756/31113083544_849826f14b.jpg,Japan,JP
https://farm2.staticflickr.com/1587/24920131239_97000ca8fa.jpg,Japan,JP
https://farm1.staticflickr.com/652/31049527603_b71f8f4742.jpg,Japan,JP
https://farm1.staticflickr.com/668/32361060535_ab27e36635.jpg,Japan,JP
https://farm9.staticflickr.com/8860/27977631370_5a0ff02672.jpg,Japan,JP
https://farm3.staticflickr.com/2396/2251667479_286a6a5dd3.jpg,Japan,JP
https://farm8.staticflickr.com/7482/26538455264_e9d83dd345.jpg,Japan,JP
https://farm2.staticflickr.com/1552/26225834625_5ab7bc0529.jpg,Japan,JP
https://farm1.staticflickr.com/352/31818958305_ddd42751a8.jpg,Japan,JP
https://farm2.staticflickr.com/1485/25885376171_0b1e41d3f8.jpg,Japan,JP
https://farm2.staticflickr.com/1653/25178491243_0313713abe.jpg,Japan,JP
https://farm2.staticflickr.com/1712/25520350696_c88449105a.jpg,Japan,JP
https://farm8.staticflickr.com/7274/27675221470_259027110f.jpg,Japan,JP
https://farm8.staticflickr.com/7439/27855392351_5b070784c8.jpg,Japan,JP
https://farm1.staticflickr.com/705/31885384480_4ca8aeddfc.jpg,Japan,JP
https://farm8.staticflickr.com/7503/26931915316_aa5ac211e5.jpg,Japan,JP
https://farm2.staticflickr.com/1623/25909578150_dc1d65f307.jpg,Japan,JP
https://farm8.staticflickr.com/7625/28194321752_03225d56c0.jpg,Japan,JP
https://farm2.staticflickr.com/1715/25915468863_67873d58ff.jpg,Japan,JP
https://farm2.staticflickr.com/1487/25657583702_364e38d652.jpg,Japan,JP
https://farm2.staticflickr.com/1685/25664048053_070c6a9d5f.jpg,Japan,JP
https://farm6.staticflickr.com/5484/10678615674_3b827d2e55.jpg,Japan,JP
https://farm2.staticflickr.com/1487/26510609936_cb7a20e7e3.jpg,Japan,JP
https://farm5.staticflickr.com/4132/5216680729_df5afcda77.jpg,Japan,JP
https://farm2.staticflickr.com/1602/25599044590_b0f665f0c1.jpg,Japan,JP
https://farm2.staticflickr.com/1481/26036436322_163422f429.jpg,Japan,JP
https://farm8.staticflickr.com/7426/9412726181_49da9c3fd3.jpg,Japan,JP
https://farm3.staticflickr.com/2126/2424346877_16d97abd06.jpg,Japan,JP
https://farm3.staticflickr.com/2463/3702973670_b3daa74bee.jpg,Japan,JP
https://farm6.staticflickr.com/5653/21805834433_f1e588c831.jpg,Japan,JP
https://farm2.staticflickr.com/1720/25983445294_419408b6e8.jpg,Japan,JP
https://farm5.staticflickr.com/4113/5214149153_48efe6599e.jpg,Japan,JP
https://farm2.staticflickr.com/1612/25209899499_0dd4085bc2.jpg,Japan,JP
https://farm2.staticflickr.com/1453/25724142350_d862530f1f.jpg,Japan,JP
https://farm2.staticflickr.com/1524/26254205001_bbae3f035c.jpg,Japan,JP
https://farm2.staticflickr.com/1619/26129315200_1398098e41.jpg,Japan,JP
https://farm2.staticflickr.com/1704/26297249561_4b1b8700e0.jpg,Japan,JP
https://farm2.staticflickr.com/1693/25244105392_c234329570.jpg,Japan,JP
https://farm2.staticflickr.com/1663/24974986624_a4d638f71c.jpg,Japan,JP
https://farm2.staticflickr.com/1662/25437048194_20b47853b2.jpg,Japan,JP
https://farm2.staticflickr.com/1655/26001452405_0ba452cc52.jpg,Japan,JP
https://farm2.staticflickr.com/1582/25482273964_2b941ab9f2.jpg,Japan,JP
https://farm2.staticflickr.com/1678/25665398445_1076e19d72.jpg,Japan,JP
https://farm2.staticflickr.com/1452/25543332271_c726bfb138.jpg,Japan,JP
https://farm4.staticflickr.com/3170/2400759537_64d4f7ea23.jpg,Japan,JP
https://farm6.staticflickr.com/5082/5194430996_0b1f4d5a20.jpg,Japan,JP
https://farm2.staticflickr.com/1449/25552294750_73b1c0e0d4.jpg,Japan,JP
https://farm2.staticflickr.com/1520/25391934820_0c72f8d42c.jpg,Japan,JP
https://farm2.staticflickr.com/1602/26357654636_d2ca8617c0.jpg,Japan,JP
https://farm9.staticflickr.com/8366/8359550215_b86c2d91f8.jpg,Japan,JP
https://farm2.staticflickr.com/1709/25276984332_e14b467749.jpg,Japan,JP
https://farm2.staticflickr.com/1620/25851071896_088baab4ef.jpg,Japan,JP
https://farm2.staticflickr.com/1682/25416147344_263979ff69.jpg,Japan,JP
https://farm2.staticflickr.com/1618/26340583065_184f472c20.jpg,Japan,JP
https://farm2.staticflickr.com/1476/26012498710_ab4e211098.jpg,Japan,JP
https://farm4.staticflickr.com/3006/3100616208_8598254b35.jpg,angles of light,US
https://farm9.staticflickr.com/8669/16858732811_876dbeea60.jpg,LA Selfie,US
https://farm4.staticflickr.com/3591/3473141778_577464e450.jpg,"Los cuatro motores aeroespaciales.  The four-engine, aerospace",US
https://farm3.staticflickr.com/2436/3649541388_dcd4825932.jpg,Los Angeles on a Saturday.......,US
https://farm4.staticflickr.com/3814/33425079225_bbebd79718.jpg,Bicolor Reflected,US
https://farm1.staticflickr.com/660/32699424496_8316f18a4a.jpg,'Gran Telescopio Canarias'           (see description),US
https://farm3.staticflickr.com/2911/32865817291_7954ea762f.jpg,'The roof of La Palma'          (see description),US
https://farm4.staticflickr.com/3203/2872644828_303260c488.jpg,Angles and curves,US
https://farm3.staticflickr.com/2893/12706558474_7ef82b1931.jpg,"Los Angles, February",US
https://farm4.staticflickr.com/3246/3146014547_dec4bb87c9.jpg,the beauty of math,US
https://farm3.staticflickr.com/2834/8781101372_21c1ab7b79.jpg,.,US
https://farm8.staticflickr.com/7489/16150767329_5f4d623984.jpg,La fosse Cap Frehel,US
https://farm8.staticflickr.com/7116/6854621926_b04b2a18d1.jpg,"Lo oculto no es más que otra forma de la mentira. Vivimos en una realidad mentirosa, engañosa, que nos oculta todo aquello que no considera que seamos dignos de entender / The occult is just another form of lying. We live in a reality deceitful, misleadin",US
https://farm3.staticflickr.com/2805/32681640604_bc9f4ebe31.jpg,outrun,US
https://farm8.staticflickr.com/7152/6675496675_d3658d4f29.jpg,Angles,US
https://farm4.staticflickr.com/3815/9343519392_3772299469.jpg,Los Angeles subway station,US
https://farm3.staticflickr.com/2933/32522506064_a3f2951c3a.jpg,52 week project: Week Ten,US
https://farm2.staticflickr.com/1245/1326597725_4f67ee2977.jpg,the girls,US
https://farm9.staticflickr.com/8202/8174625636_9fc186fcf2.jpg,Lo Alto,US
https://farm6.staticflickr.com/5595/14746447580_afaca6fc28.jpg,Barbaresco,US
https://farm4.staticflickr.com/3917/15023581211_8337bacd07.jpg,Nikon D800E Dr. Elliot McGucken Fine Art Photography for Los Angeles Gallery Show!,US
https://farm4.staticflickr.com/3227/3743763229_623ef09648.jpg,Los Angles,US
https://farm3.staticflickr.com/2903/14774839676_0230dc6baa.jpg,Los Angles Downtown,US
https://farm4.staticflickr.com/3168/2850659430_519f70f9ea.jpg,Solitude,US
https://farm3.staticflickr.com/2945/15506014441_5c39249cb7.jpg,"Nikon D810 HDR Photos Malibu Sea Cave Sunset, Dr. Elliot McGucken Fine Art Photography!  14-24mm Nikkor Wide Angle F/2.8 Lens!",US
https://farm5.staticflickr.com/4070/4286196944_2e96b50682.jpg,"lay down all your thoughts, surrender to the void",US
https://farm8.staticflickr.com/7633/16632398689_bcda95fbe2.jpg,Hope Street DT Los Angeles,US
https://farm6.staticflickr.com/5791/22886642915_72559e514b.jpg,angle.,US
https://farm9.staticflickr.com/8635/15844789425_617c1e00f4.jpg,Malibu Beaches Sunrises & Sunsets!  Nikon D800E Dr. Elliot McGucken Fine Art Landscape & Nature Photography for Los Angeles Fine Art Gallery Show !,US
https://farm9.staticflickr.com/8641/15866412026_6d6ab2c651.jpg,Nikon D810 Sunrise Photos of Toroweap (Tuweep) Overlook Grand Canyon Arizona! Dr. Elliot McGucken Fine Art Landscape & Nature Photography for Los Angeles Gallery Show !,US
https://farm8.staticflickr.com/7415/16406428268_2889031ec8.jpg,Malibu Pier Sunrise! Nikon D810 HDR Landscape Photos! Dr. Elliot McGucken Fine Art Photography!  14-24mm Nikkor Wide Angle F/2.8 Lens!,US
https://farm4.staticflickr.com/3893/15175198985_bd79c44d75.jpg,Nikon D810 Sunrise Photos of Toroweap (Tuweep) Overlook Grand Canyon Arizona! Dr. Elliot McGucken Fine Art Landscape & Nature Photography for Los Angeles Gallery Show !,US
https://farm6.staticflickr.com/5475/11021965833_76c1f2595c.jpg,Malibu Pier @ Sunset! Nikon D800E HDR Photos: Final Cut HDR Malibu Landscapes for Los Angeles Gallery Show,US
https://farm8.staticflickr.com/7417/14083676616_247e57f9a4.jpg,"Horsehoe Bend Sunset in Page, Arizona! Nikon D800E Dr. Elliot McGucken Fine Art Landscape & Nature Photography for Los Angeles Gallery Show!",US
https://farm4.staticflickr.com/3800/13235134044_524e2ed177.jpg,Malibu Beaches! Nikon D800E Dr. Elliot McGucken Fine Art Photography for Los Angeles Gallery Show!,US
https://farm3.staticflickr.com/2867/12636544825_8554652640.jpg,Nikon D800E Dr. Elliot McGucken Fine Art Photography for Los Angeles Gallery Show!,US
https://farm8.staticflickr.com/7496/15820431409_868cd8cbf1.jpg,FIRE & ICE! Malibu Sea Cave Sunset! El Matador Beach! Nikon D810 HDR Landscape Photos! Dr. Elliot McGucken Fine Art Photography!  14-24mm Nikkor Wide Angle F/2.8 Lens!,US
https://farm6.staticflickr.com/5565/14942230668_98bbe98b94.jpg,Nikon D810 Sunrise Photos of Toroweap (Tuweep) Overlook Grand Canyon Arizona! Dr. Elliot McGucken Fine Art Landscape & Nature Photography for Los Angeles Gallery Show !,US
https://farm6.staticflickr.com/5475/10768661773_06bd868a95.jpg,Gallery Show!  Nikon D3X HDR Malibu Landscapes / Seascapes for my Gallery Show!,US
https://farm4.staticflickr.com/3748/12827097105_99b4aeb0c9.jpg,Los Angles,US
https://farm6.staticflickr.com/5493/11845960425_4681670871.jpg,Nikon D800E Dr. Elliot McGucken Fine Art Photography for Los Angeles Gallery Show!,US
https://farm8.staticflickr.com/7565/15704580490_0756e877d1.jpg,Nikon D810 Sunset Photos of North Rim Grand Canyon Arizona Overlook Grand Canyon Arizona! Dr. Elliot McGucken Fine Art Landscape & Nature Photography for Los Angeles Gallery Shows !,US
https://farm4.staticflickr.com/3948/15058966853_3b6bf51f92.jpg,Nikon D810 Sunset Photos of North Rim Grand Canyon Arizona Overlook Grand Canyon Arizona! Dr. Elliot McGucken Fine Art Landscape & Nature Photography for Los Angeles Gallery Shows !,US
https://farm6.staticflickr.com/5558/14920413512_9b1effef5c.jpg,Gallery Show!  Nikon D800E / D800 HDR Malibu Landscapes / Seascapes for my Gallery Show!,US
https://farm3.staticflickr.com/2942/15381702452_f0d3f8592b.jpg,Classic Car Stingray Corvette on the PCH Pacific Coast Highway in Malibu Nikon D800E Dr. Elliot McGucken Fine Art Photography for Los Angeles Gallery Show!,US
https://farm4.staticflickr.com/3903/15036447475_1745c38986.jpg,Nikon D810 Sunrise Photos of Toroweap (Tuweep) Overlook Grand Canyon Arizona! Dr. Elliot McGucken Fine Art Landscape & Nature Photography for Los Angeles Gallery Show !,US
https://farm9.staticflickr.com/8656/16490447357_4066d56c8f.jpg,"Malibu Sunset! Red, Yellow, Orange Clouds! Magical El Matador Beach Sunset! Nikon D810 HDR Photos Dr. Elliot McGucken Fine Art Photography!  14-24mm Nikkor Wide Angle F/2.8 Lens",US
https://farm4.staticflickr.com/3869/14889669446_e3f978a262.jpg,Nikon D800E Dr. Elliot McGucken Fine Art Photography for Los Angeles Gallery Show!  Nikon 14-24mm f/2.8G ED AF-S Nikkor Wide Angle Zoom Lens!,US
https://farm4.staticflickr.com/3671/11347652215_8b2d3cf646.jpg,Nikon D800E Dr. Elliot McGucken Fine Art Photography for Los Angeles Gallery Show!,US
https://farm9.staticflickr.com/8716/16709413467_bc5572ff34.jpg,Nikon D800E Dr. Elliot McGucken Fine Art Photography for Los Angeles Gallery Show!,US
https://farm8.staticflickr.com/7295/11253070975_d622f85002.jpg,Nikon D800E Dr. Elliot McGucken Fine Art Photography for Los Angeles Gallery Show!,US
https://farm3.staticflickr.com/2570/32949122806_af63f22837.jpg,Playa de Somacuevas,US
https://farm8.staticflickr.com/7472/15817344595_3e919a16f2.jpg,Nikon D800E Malibu Photographer Dr. Elliot McGucken Fine Art Photography for Los Angeles Gallery Show!,US
https://farm3.staticflickr.com/2859/8917366416_f331e1e379.jpg,angled.,US
https://farm4.staticflickr.com/3831/11182198263_8e47e074af.jpg,Nikon D800E Dr. Elliot McGucken Fine Art Photography for Los Angeles Gallery Show!,US
https://farm3.staticflickr.com/2778/4422245249_d60242569b.jpg,angles of angels,US
https://farm8.staticflickr.com/7267/13224060174_83d4338ef9.jpg,Nikon D800E Dr. Elliot McGucken Fine Art Photography for Los Angeles Gallery Show!,US
https://farm4.staticflickr.com/3952/15044186443_770d8c89e5.jpg,"Nikon D810 HDR Photos Malibu Sea Cave Sunset, Dr. Elliot McGucken Fine Art Photography!  14-24mm Nikkor Wide Angle F/2.8 Lens  Nikon FX",US
https://farm8.staticflickr.com/7616/16209927363_58141ddb62.jpg,Nikon D800E Malibu Photographer Dr. Elliot McGucken Fine Art Photography for Los Angeles Gallery Show!,US
https://farm4.staticflickr.com/3672/12606185353_b7ae8b599b.jpg,Nikon D800E Malibu Photographer Dr. Elliot McGucken Fine Art Photography for Los Angeles Gallery Show!,US
https://farm8.staticflickr.com/7726/17182343232_031faf3399.jpg,,US
https://farm3.staticflickr.com/2936/14198547080_b3a72e98bc.jpg,Utah National Parks!  Nikon D800E Dr. Elliot McGucken Fine Art Landscape & Nature Photography for Los Angeles Fine Art Gallery Show !,US
https://farm8.staticflickr.com/7307/13739456495_c585bfd638.jpg,Nikon D800E Dr. Elliot McGucken Fine Art Photography for Los Angeles Gallery Show!,US
https://farm9.staticflickr.com/8565/16510334458_5b35bdf4c2.jpg,"Malibu Sunset! Red, Yellow, Orange Clouds! Magical El Matador Beach Sunset! Nikon D810 HDR Photos Dr. Elliot McGucken Fine Art Photography!  14-24mm Nikkor Wide Angle F/2.8 Lens",US
https://farm6.staticflickr.com/5616/15364229567_33332b3875.jpg,"Nikon D810 HDR Photos Malibu Sea Cave Sunset, Dr. Elliot McGucken Fine Art Photography!  14-24mm Nikkor Wide Angle F2.8 Lens",US
https://farm4.staticflickr.com/3909/15282628662_dbb9b90e87.jpg,Yosemite Milkway Way Rising over El Capitan & Half Dome!  Nikon D800E Dr. Elliot McGucken Fine Art Landscape & Nature Photography for Los Angeles Gallery Show!,US
https://farm8.staticflickr.com/7747/17177673107_6d29d670f8.jpg,"Nikon D810 HDR Photos Malibu Sea Cave Sunset, Dr. Elliot McGucken Fine Art Photography!  14-24mm Nikkor Wide Angle F/2.8 Lens!",US
https://farm6.staticflickr.com/5474/10699866006_429566939f.jpg,Gallery Show!  Nikon D3X HDR Malibu Landscapes / Seascapes for my Gallery Show!,US
https://farm8.staticflickr.com/7430/16598919621_8c577c6451.jpg,Grand Canyon Toroweap Sunset over Grand Canyon!  Nikon D810 Dr. Elliot McGucken Fine Art Landscape & Nature Photography for Los Angeles Gallery Show!,US
https://farm4.staticflickr.com/3928/15454958621_5ccf4cfe38.jpg,"Nikon D810 HDR Photos Malibu Sea Cave Sunset, Dr. Elliot McGucken Fine Art Photography!  14-24mm Nikkor Wide Angle F/2.8 Lens!",US
https://farm2.staticflickr.com/1008/794854655_0002ff2566.jpg,the trophy,US
https://farm4.staticflickr.com/3754/10849298553_d56ca0552a.jpg,Gallery Show!  Nikon D800E / D800 HDR Malibu Landscapes / Seascapes for my Gallery Show!,US
https://farm5.staticflickr.com/4013/4258248678_283bd7b943.jpg,"Santa Monica Spin #3 - Santa Monica Pier, California",US
https://farm3.staticflickr.com/2892/13553035735_723797327b.jpg,Nikon D800E Dr. Elliot McGucken Fine Art Photography for Los Angeles Gallery Show!  Nikon 14-24mm f/2.8G ED AF-S Nikkor Wide Angle Zoom Lens!,US
https://farm1.staticflickr.com/614/32761011475_7693ec1128.jpg,Carla C. - 28,US
https://farm6.staticflickr.com/5488/10699938946_d18611a195.jpg,Gallery Show!  Nikon D3X HDR Malibu Landscapes / Seascapes for my Gallery Show!,US
https://farm4.staticflickr.com/3675/11231868284_54e7e3b03a.jpg,Nikon D800E Dr. Elliot McGucken Fine Art Photography for Los Angeles Gallery Show!,US
https://farm2.staticflickr.com/1237/993592438_1e9b5be56c.jpg,close,US
https://farm4.staticflickr.com/3942/15440772747_bbbf22733a.jpg,"Nikon D810 HDR Photos Malibu Sea Cave Sunset, Dr. Elliot McGucken Fine Art Photography!  14-24mm Nikkor Wide Angle F/2.8 Lens  Nikon FX",US
https://farm4.staticflickr.com/3685/11053753793_ace5f0bfd4.jpg,Malibu Moonrise Over Old Corvette! Nikon D800E HDR Photos: Final Cut HDR Malibu Landscapes for Los Angeles Gallery Show,US
https://farm4.staticflickr.com/3725/11559472204_1368bc7d2a.jpg,Follow Your Dreams in 2014! Malibu Moonrise Over Old Corvette! Nikon D800E HDR Photos: Final Cut HDR Malibu Landscapes for Los Angeles Gallery Show,US
https://farm4.staticflickr.com/3920/14155124318_5f0141b0f6.jpg,Milky Way Galaxy Rising over El Capitan & Half Dome in Yosemite! Night Photography! Nikon D800E Dr. Elliot McGucken Fine Art Landscape & Nature Photography for Los Angeles Fine Art Gallery Show !,US
https://farm8.staticflickr.com/7517/15537518290_3ecdec0867.jpg,Ansel Adams Tribute! Yosemite Valley El Capitan & Half Dome!  Nikon D800E Dr. Elliot McGucken Fine Art Landscape & Nature Photography for Los Angeles Gallery Show!,US
https://farm9.staticflickr.com/8676/15685184058_87201a229c.jpg,Utah National Parks!  Nikon D800E Dr. Elliot McGucken Fine Art Landscape & Nature Photography for Los Angeles Fine Art Gallery Show !,US
https://farm9.staticflickr.com/8639/16462129679_68e6d92ec8.jpg,"Nikon D810 HDR Photos Laguna Beach Sunset, Dr. Elliot McGucken Fine Art Photography!  14-24mm Nikkor Wide Angle F2.8 Lens!",US
https://farm6.staticflickr.com/5597/15544067842_fa8b2aff3f.jpg,"Nikon D810 HDR Photos Malibu Sea Cave Sunset, Dr. Elliot McGucken Fine Art Photography!  14-24mm Nikkor Wide Angle F2.8 Lens",US
https://farm6.staticflickr.com/5018/5393873686_cd47a755f6.jpg,Le marionettiste meurt,US
https://farm3.staticflickr.com/2116/2064749444_28bc7af127.jpg,hope,US
https://farm6.staticflickr.com/5560/15107290761_0400068ac8.jpg,Gallery Show!  Nikon D800E / D800 HDR Malibu Landscapes / Seascapes for my Gallery Show!,US
https://farm4.staticflickr.com/3164/2686191002_4895c96cc1.jpg,The Walt Disney Concert Hall - Los Angeles,US
https://farm9.staticflickr.com/8357/8274850944_e345846b6b.jpg,.,US
https://farm4.staticflickr.com/3754/13299994514_a8f0c65e81.jpg,Lo Presti Park Pier and Boston Skyline over Harbor at Dusk from East Boston,US
https://farm3.staticflickr.com/2382/1803022016_1c6a58cf08.jpg,huh?,US
https://farm1.staticflickr.com/23/94854420_4384cb80b5.jpg,green flames,US
https://farm4.staticflickr.com/3956/14948743293_cc4b65c7e3.jpg,Angles-of-9,US
https://farm9.staticflickr.com/8632/16742731742_12fd61485c.jpg,"Malibu Sunset! Red, Yellow, Orange Clouds! Magical El Matador Beach Sunset! Nikon D810 HDR Photos Dr. Elliot McGucken Fine Art Photography!  14-24mm Nikkor Wide Angle F/2.8 Lens",US
https://farm8.staticflickr.com/7467/15817762600_ef884442ea.jpg,Malibu Sea Cave Sunset! El Matador Beach! Nikon D810 HDR Landscape Photos! Dr. Elliot McGucken Fine Art Photography!  14-24mm Nikkor Wide Angle F/2.8 Lens!,US
https://farm6.staticflickr.com/5496/11900058866_98f0c9975c.jpg,Nikon D800E Dr. Elliot McGucken Fine Art Photography for Los Angeles Gallery Show!,US
https://farm2.staticflickr.com/1040/851465569_f45d752e57.jpg,Grid/66,US
https://farm4.staticflickr.com/3931/15340582019_059fda8c1f.jpg,Nikon D810 Sunset Photos of North Rim Grand Canyon Arizona Overlook Grand Canyon Arizona! Dr. Elliot McGucken Fine Art Landscape & Nature Photography for Los Angeles Gallery Show !,US
https://farm4.staticflickr.com/3717/11851195703_8113580567.jpg,Bangkok,TH
https://farm3.staticflickr.com/2008/1499240941_a871ad2600.jpg,Bangkok,TH
https://farm5.staticflickr.com/4003/4468378065_7ff651b617.jpg,Bangkok,TH
https://farm2.staticflickr.com/1522/25840746584_80c967cfdd.jpg,bangkok,TH
https://farm8.staticflickr.com/7365/9256926716_c626e2b036.jpg,Bangkok,TH
https://farm6.staticflickr.com/5246/5205474788_dc64ed7181.jpg,Bangkok,TH
https://farm6.staticflickr.com/5552/14027358430_3081b20bc8.jpg,Bangkok,TH
https://farm8.staticflickr.com/7297/26879348231_a82b5aa2aa.jpg,Bangkok,TH
https://farm8.staticflickr.com/7527/26674166520_db74dc35f4.jpg,Bangkok,TH
https://farm9.staticflickr.com/8555/30315786411_d6c8effd47.jpg,Bangkok,TH
https://farm8.staticflickr.com/7130/7047209175_5848fc2f20.jpg,Bangkok,TH
https://farm2.staticflickr.com/1277/4669328915_52f78a0082.jpg,bangkok,TH
https://farm2.staticflickr.com/1623/24164957372_0b4c8b5e68.jpg,Bangkok,TH
https://farm4.staticflickr.com/3574/3778006762_c630fbe679.jpg,Bangkok,TH
https://farm4.staticflickr.com/3198/2889982161_42fe64efb6.jpg,Bangkok,TH
https://farm4.staticflickr.com/3633/3690156449_bd5ef62494.jpg,Bangkok,TH
https://farm3.staticflickr.com/2858/9082999764_eaa2f943be.jpg,Bangkok,TH
https://farm9.staticflickr.com/8205/29375449996_c1b212ff27.jpg,bangkok,TH
https://farm2.staticflickr.com/1638/26426303252_0c38b971df.jpg,Bangkok,TH
https://farm4.staticflickr.com/3570/3397237140_ee9b8e072a.jpg,Bangkok,TH
https://farm6.staticflickr.com/5748/30486616771_e13a7d6101.jpg,Bangkok,TH
https://farm2.staticflickr.com/1614/24836233950_4037b0681e.jpg,bangkok,TH
https://farm8.staticflickr.com/7402/9472261233_dbd7e38431.jpg,Bangkok,TH
https://farm6.staticflickr.com/5454/16570236694_4487595aa8.jpg,Bangkok,TH
https://farm2.staticflickr.com/1661/25192536603_e70e52fe30.jpg,Bangkok,TH
https://farm9.staticflickr.com/8452/7891155704_0cd9be77e9.jpg,Bangkok,TH
https://farm2.staticflickr.com/1619/26359462390_8c63e97e7a.jpg,Bangkok,TH
https://farm6.staticflickr.com/5753/30235835131_d170fa0894.jpg,bangkok,TH
https://farm9.staticflickr.com/8551/29843085116_2eff8bed44.jpg,bangkok,TH
https://farm4.staticflickr.com/3141/3102080817_8798cc27bf.jpg,Bangkok,TH
https://farm2.staticflickr.com/1703/24850372574_027ce8ec3a.jpg,Bangkok,TH
https://farm2.staticflickr.com/1491/24136780689_daeed566d1.jpg,Bangkok,TH
https://farm4.staticflickr.com/3081/3183737494_8393837822.jpg,banGkoK,TH
https://farm4.staticflickr.com/3431/3396373367_4f97283292.jpg,Bangkok,TH
https://farm6.staticflickr.com/5622/21784537323_85280dc689.jpg,Bangkok,TH
https://farm4.staticflickr.com/3787/13907992195_a2f66ac40d.jpg,Bangkok,TH
https://farm6.staticflickr.com/5509/9796698663_cbd50fce99.jpg,Bangkok.,TH
https://farm1.staticflickr.com/154/391957442_04bcfbad08.jpg,Bangkok,TH
https://farm6.staticflickr.com/5543/30983972161_9d46e91805.jpg,bangkok,TH
https://farm2.staticflickr.com/1554/25478626972_3ffb1fb240.jpg,Bangkok,TH
https://farm8.staticflickr.com/7393/26760833581_a9ca0fdc7a.jpg,Bangkok,TH
https://farm3.staticflickr.com/2918/14001976042_a4e93b8114.jpg,Bangkok,TH
https://farm6.staticflickr.com/5523/10418726814_eee433e90a.jpg,Bangkok,TH
https://farm2.staticflickr.com/1678/25638135933_5f865916c1.jpg,Bangkok,TH
https://farm1.staticflickr.com/666/32954606495_a6c659b488.jpg,bangkok,TH
https://farm9.staticflickr.com/8519/8520867146_3bc64578ba.jpg,Bangkok,TH
https://farm3.staticflickr.com/2682/4421267488_29ff9dabe8.jpg,Bangkok,TH
https://farm2.staticflickr.com/1515/23914324334_eda26fa064.jpg,bangkok,TH
https://farm2.staticflickr.com/1497/24677951070_9af8261f6f.jpg,bangkok,TH
https://farm9.staticflickr.com/8130/29993122786_7bea5731cc.jpg,bangkok,TH
https://farm2.staticflickr.com/1567/25082774273_d11bd5a180.jpg,Bangkok,TH
https://farm8.staticflickr.com/7526/15336632424_f62f439eff.jpg,Bangkok,TH
https://farm8.staticflickr.com/7688/16943578523_21c34b7eef.jpg,Bangkok,TH
https://farm6.staticflickr.com/5662/31229966482_2a63e9875b.jpg,bangkok,TH
https://farm6.staticflickr.com/5641/30535702134_4260acb4f7.jpg,Bangkok,TH
https://farm6.staticflickr.com/5585/14861780673_515b9c6da5.jpg,bangkok,TH
https://farm2.staticflickr.com/1712/25876527860_aeffd54fc4.jpg,Bangkok,TH
https://farm4.staticflickr.com/3818/9166672742_bde4450e3c.jpg,Bangkok,TH
https://farm9.staticflickr.com/8434/7660615924_078f09a04b.jpg,Bangkok,TH
https://farm4.staticflickr.com/3860/14481493617_73fed23d8e.jpg,Bangkok,TH
https://farm2.staticflickr.com/1546/25829905231_38303f5e3a.jpg,Bangkok,TH
https://farm9.staticflickr.com/8273/10186854253_26402a23a8.jpg,Bangkok,TH
https://farm1.staticflickr.com/383/19965668819_374ce1f584.jpg,Bangkok,TH
https://farm2.staticflickr.com/1442/25531540061_28d0274127.jpg,Bangkok,TH
https://farm8.staticflickr.com/7677/17323135721_bd5258a981.jpg,Bangkok,TH
https://farm1.staticflickr.com/398/32273513992_d407a2e9af.jpg,bangkok,TH
https://farm2.staticflickr.com/1665/26253342206_58ef30fa16.jpg,Bangkok,TH
https://farm2.staticflickr.com/1539/26288562056_75e2cdb6d2.jpg,Bangkok,TH
https://farm2.staticflickr.com/1483/25829846310_ffecdd29a0.jpg,Bangkok,TH
https://farm2.staticflickr.com/1716/25381826434_3d0c0eb0a3.jpg,Bangkok,TH
https://farm2.staticflickr.com/1541/26204374672_0683c16b64.jpg,Bangkok,TH
https://farm2.staticflickr.com/1477/26066259182_9d7667f1d1.jpg,Bangkok,TH
https://farm3.staticflickr.com/2877/12058558044_e5b7f0736d.jpg,Bangkok,TH
https://farm2.staticflickr.com/1681/25229668039_92c282de18.jpg,Bangkok,TH
https://farm8.staticflickr.com/7490/15878798592_412c3b38c1.jpg,Bangkok,TH
https://farm7.staticflickr.com/6139/5960603797_edf3d7db0c.jpg,Bangkok,TH
https://farm2.staticflickr.com/1546/26240795655_8869774750.jpg,Bangkok,TH
https://farm2.staticflickr.com/1637/25411298623_e5464e105e.jpg,Bangkok,TH
https://farm2.staticflickr.com/1683/25474235844_35b05d188c.jpg,Bangkok,TH
https://farm8.staticflickr.com/7790/27308476660_1a11f647a6.jpg,Bangkok,TH
https://farm2.staticflickr.com/1481/25164787874_55ed2be021.jpg,Bangkok,TH
https://farm8.staticflickr.com/7174/26855055085_3083ecaf16.jpg,bangkok,TH
https://farm9.staticflickr.com/8543/29248653185_37b738b94e.jpg,bangkok,TH
https://farm2.staticflickr.com/1699/25252835294_fe3dcfdc62.jpg,bangkok,TH
https://farm2.staticflickr.com/1605/25967917710_a54429506d.jpg,Bangkok,TH
https://farm2.staticflickr.com/1483/25874732351_f55124f0fc.jpg,Bangkok,TH
https://farm2.staticflickr.com/1608/25676553073_34f8688d37.jpg,Bangkok,TH
https://farm6.staticflickr.com/5807/20082216804_8e685b2f24.jpg,Bangkok,TH
https://farm2.staticflickr.com/1447/25919563831_b39222d437.jpg,Bangkok,TH
https://farm2.staticflickr.com/1558/25904127420_3aa6e1d839.jpg,Bangkok,TH
https://farm1.staticflickr.com/133/331322200_ba4457a6e7.jpg,Bangkok,TH
https://farm3.staticflickr.com/2876/10317076185_b934344f37.jpg,Bangkok,TH
https://farm2.staticflickr.com/1557/25285806319_f56cb33092.jpg,Bangkok,TH
https://farm2.staticflickr.com/1676/26013540916_c492a8e830.jpg,Bangkok,TH
https://farm2.staticflickr.com/1557/26065124270_5dd8468b72.jpg,Bangkok,TH
https://farm2.staticflickr.com/1704/24941610253_b8c7a28fee.jpg,Bangkok,TH
https://farm2.staticflickr.com/1695/25713979930_7cce4a7895.jpg,Bangkok,TH
https://farm2.staticflickr.com/1521/25546756943_90a0c4e22d.jpg,Bangkok,TH
https://farm2.staticflickr.com/1455/25653420175_a7ca68a129.jpg,Bangkok,TH
https://farm2.staticflickr.com/1636/26204366202_8449252192.jpg,Bangkok,TH
https://farm3.staticflickr.com/2798/4114141113_46de97a604.jpg,Paris,FR
https://farm3.staticflickr.com/2934/14364312124_c0bbe42d7d.jpg,Paris,FR
https://farm3.staticflickr.com/2257/2163641698_4df34f5296.jpg,Paris,FR
https://farm4.staticflickr.com/3944/15358326379_9be7cc89d4.jpg,Paris,FR
https://farm1.staticflickr.com/597/22916738670_f7d6420918.jpg,Paris,FR
https://farm3.staticflickr.com/2110/2099310718_ba76e7d487.jpg,Paris,FR
https://farm6.staticflickr.com/5632/21065807486_d7dc18838a.jpg,Paris,FR
https://farm8.staticflickr.com/7666/27349129621_b36e614165.jpg,Paris,FR
https://farm8.staticflickr.com/7552/16239879372_98479b202b.jpg,paris,FR
https://farm6.staticflickr.com/5780/23284038702_82d5a0e3ac.jpg,paris,FR
https://farm9.staticflickr.com/8677/16180880706_bb316ff208.jpg,paris,FR
https://farm3.staticflickr.com/2934/14156674567_7f8a016069.jpg,Paris,FR
https://farm4.staticflickr.com/3837/14741655785_39705b1f96.jpg,Paris,FR
https://farm8.staticflickr.com/7428/13998716038_8e26c55bf3.jpg,Paris,FR
https://farm1.staticflickr.com/542/20054978542_2d02045f92.jpg,Paris,FR
https://farm6.staticflickr.com/5806/22940116393_1d69818d99.jpg,Paris,FR
https://farm9.staticflickr.com/8108/8659376857_d73181cb1e.jpg,Paris,FR
https://farm1.staticflickr.com/690/21722023891_8499fd75c3.jpg,Paris,FR
https://farm6.staticflickr.com/5564/15070544340_e82351e157.jpg,Paris,FR
https://farm4.staticflickr.com/3885/15066928205_72f0e1faa0.jpg,Paris,FR
https://farm9.staticflickr.com/8537/8651848793_9d272eb8eb.jpg,Paris,FR
https://farm2.staticflickr.com/1677/26580428625_ffa9f3717a.jpg,Paris,FR
https://farm3.staticflickr.com/2508/32245129924_42e4597570.jpg,Paris,FR
https://farm1.staticflickr.com/609/32124197076_fde2bb4981.jpg,Paris,FR
https://farm6.staticflickr.com/5594/15000959361_1f2f0074ec.jpg,Paris,FR
https://farm4.staticflickr.com/3882/15058227442_7ae8ff3192.jpg,Paris,FR
https://farm6.staticflickr.com/5244/5238558922_74002704be.jpg,Paris,FR
https://farm4.staticflickr.com/3138/2781315755_7ec3e8303c.jpg,Paris,FR
https://farm6.staticflickr.com/5241/5238554034_8d0a084964.jpg,Paris,FR
https://farm4.staticflickr.com/3951/15114191743_1b22436de0.jpg,Paris,FR
https://farm8.staticflickr.com/7616/27736286890_7222dc9baa.jpg,Paris,FR
https://farm1.staticflickr.com/725/22385164743_910ac365f2.jpg,Paris...,FR
https://farm1.staticflickr.com/553/19512651158_6829896442.jpg,Paris,FR
https://farm2.staticflickr.com/1552/26132170846_e40478e522.jpg,paris,FR
https://farm1.staticflickr.com/579/23007920611_b5d8b631e6.jpg,Paris,FR
https://farm1.staticflickr.com/669/20158019904_945d7a1c3d.jpg,Paris,FR
https://farm6.staticflickr.com/5790/21882035066_a1d165d625.jpg,Paris,FR
https://farm9.staticflickr.com/8608/15730592429_fe9906ae67.jpg,Paris,FR
https://farm4.staticflickr.com/3830/10327993254_5516c231bb.jpg,Paris,FR
https://farm6.staticflickr.com/5580/14683532449_ed3150e739.jpg,Paris,FR
https://farm8.staticflickr.com/7787/17822935896_9cb49d113c.jpg,Paris,FR
https://farm2.staticflickr.com/1449/25047585845_b708ab0ed1.jpg,Paris,FR
https://farm4.staticflickr.com/3907/15158779975_c5591bf7f7.jpg,Paris,FR
https://farm8.staticflickr.com/7152/6794447399_7887c64ab8.jpg,Paris,FR
https://farm3.staticflickr.com/2416/2162913999_02afd90207.jpg,Paris,FR
https://farm6.staticflickr.com/5611/15611382378_eb774f0139.jpg,Paris,FR
https://farm4.staticflickr.com/3947/15285801968_f1335a0c56.jpg,Paris,FR
https://farm8.staticflickr.com/7508/15624631373_150df1a09b.jpg,paris,FR
https://farm4.staticflickr.com/3814/9094078929_9cbd384303.jpg,Paris,FR
https://farm3.staticflickr.com/2828/9135445029_f71bc9be16.jpg,Paris,FR
https://farm6.staticflickr.com/5325/9115792334_5985249724.jpg,Paris,FR
https://farm3.staticflickr.com/2838/9143630119_b5c3e46d5b.jpg,Paris,FR
https://farm6.staticflickr.com/5548/9104790551_be5de23fe6.jpg,Paris,FR
https://farm6.staticflickr.com/5305/5872435212_f6bd5a89d7.jpg,Paris,FR
https://farm4.staticflickr.com/3706/9482079851_0612e79d77.jpg,~ Paris ~,FR
https://farm1.staticflickr.com/708/32486495375_b2ae47e23d.jpg,Paris,FR
https://farm8.staticflickr.com/7269/6880491416_f44045e7d6.jpg,Paris,FR
https://farm4.staticflickr.com/3673/18989795355_1c5ca01112.jpg,Paris,FR
https://farm2.staticflickr.com/1471/25745711822_e542016771.jpg,Paris,FR
https://farm6.staticflickr.com/5459/9853391413_9f186c1fa6.jpg,Paris,FR
https://farm8.staticflickr.com/7798/29163933081_6133c5baae.jpg,Paris,FR
https://farm9.staticflickr.com/8243/28697086624_771a6599e2.jpg,Paris,FR
https://farm9.staticflickr.com/8455/29472530735_aecb70c500.jpg,Paris,FR
https://farm9.staticflickr.com/8110/8656655233_1599aa775c.jpg,Paris,FR
https://farm9.staticflickr.com/8155/29635337956_e9fb865f4f.jpg,Paris,FR
https://farm9.staticflickr.com/8371/29323859601_0b52fa4339.jpg,Paris,FR
https://farm9.staticflickr.com/8277/29138166100_1c3326bc19.jpg,Paris,FR
https://farm9.staticflickr.com/8204/29251641422_4609eb882c.jpg,Paris,FR
https://farm8.staticflickr.com/7007/6531176269_16e94e3f97.jpg,Paris,FR
https://farm8.staticflickr.com/7780/29231821496_5cb5023d50.jpg,Paris,FR
https://farm8.staticflickr.com/7057/6867486881_a0fc6dc57c.jpg,Paris,FR
https://farm7.staticflickr.com/6175/6189660068_b4242ed0bd.jpg,Paris,FR
https://farm5.staticflickr.com/4129/4843262636_e120d3cb2e.jpg,Paris,FR
https://farm3.staticflickr.com/2145/2123674960_51529322cd.jpg,Paris,FR
https://farm6.staticflickr.com/5544/10293838405_c2b8498528.jpg,Paris,FR
https://farm9.staticflickr.com/8567/16059405628_4c62848b4d.jpg,Paris,FR
https://farm6.staticflickr.com/5168/5238555784_cdb65339e5.jpg,Paris,FR
https://farm4.staticflickr.com/3285/2781324937_48e8624167.jpg,Paris,FR
https://farm8.staticflickr.com/7219/7121781191_4f9a7ae1cb.jpg,Paris,FR
https://farm3.staticflickr.com/2589/3976152905_8f51f860b4.jpg,Paris,FR
https://farm1.staticflickr.com/617/31612293735_8ef40fee66.jpg,Paris,FR
https://farm1.staticflickr.com/559/31242690924_31799f04d6.jpg,Paris,FR
https://farm6.staticflickr.com/5014/5506579196_d461a7b9b9.jpg,Paris!,FR
https://farm4.staticflickr.com/3218/2601112114_5fc295edfc.jpg,Paris,FR
https://farm9.staticflickr.com/8456/8024038003_009e89b528.jpg,Paris,FR
https://farm4.staticflickr.com/3037/3052603430_ab59333ab5.jpg,Paris,FR
https://farm8.staticflickr.com/7291/11064648393_9a0e3273db.jpg,Paris,FR
https://farm2.staticflickr.com/1617/25122268942_a882c376a3.jpg,Paris,FR
https://farm1.staticflickr.com/598/23903458785_a1501ed69d.jpg,Paris,FR
https://farm6.staticflickr.com/5813/21622178275_54fbb5f6c8.jpg,Paris,FR
https://farm7.staticflickr.com/6232/6883023328_692112f8ec.jpg,Paris,FR
https://farm1.staticflickr.com/732/21087390328_911ece7c5f.jpg,Paris,FR
https://farm6.staticflickr.com/5699/22150916559_829f8c2751.jpg,Paris,FR
https://farm8.staticflickr.com/7425/11909972993_f19019f4d7.jpg,Paris,FR
https://farm4.staticflickr.com/3132/3236703674_51050fa8d2.jpg,Paris,FR
https://farm5.staticflickr.com/4090/5131027946_1f1b5612b5.jpg,paris,FR
https://farm9.staticflickr.com/8731/16891828342_8e8800a262.jpg,Paris,FR
https://farm9.staticflickr.com/8318/8027055998_b7a8536b75.jpg,Paris,FR
https://farm9.staticflickr.com/8546/8695835274_a648769e3a.jpg,Paris,FR
https://farm4.staticflickr.com/3857/14400025260_502b43c4a6.jpg,PARIS,FR